{
  "mail": {
    "logo": "/src/assets/images/ContactLogos/correo1.jpg",
    "name": "E-mail",
    "message": "contact@murielvitale.com",
    "link": "contact@murielvitale.com"
  },
  "linkedIn": {
    "logo": "/src/assets/images/ContactLogos/linkedin.png",
    "name": "LinkedIn:",

    "message": "/murielvitale",
    "link": "https://www.linkedin.com/in/murielvitale/"
  },
  "gitHub": {
    "logo": "/src/assets/images/ContactLogos/github.jpg",
    "name": "GitHub:",
    "message": "/byMuriel",
    "link": "https://github.com/byMuriel"
  }
}
