{
  "0": {
    "name": "MarieEventPlanner",
    "description": "Web development with a panel for users and administrators, an interface for registration and login. Creation of a database for clients, appointments, and administrator posts. Using HTML, CSS3, JavaScript, PHP, MySQL, Materialize, and Bootstrap.",
    "link": "www.marieeventplanner.info",
    "githubRep": "https://github.com/byMuriel/MarieEventPlanner",
    "image": {
      "0": "/src/assets/images/MarieEventPlanner/MarieEP.jpg",
      "1": "/src/assets/images/MarieEventPlanner/MarieEP-index.jpg",
      "2": "/src/assets/images/MarieEventPlanner/MarieEP-Eventos1.jpg",
      "3": "/src/assets/images/MarieEventPlanner/MarieEP-Eventos2.jpg",
      "4": "/src/assets/images/MarieEventPlanner/MarieEP-Contacto.jpg",
      "5": "/src/assets/images/MarieEventPlanner/MarieEP-Presupuesto.jpg"
    },
    "tech": {
      "HTML": "lorem",
      "CSS": "lorem",
      "JavaScript": "lorem",
      "Bootstrap": "lorem",
      "Materialize": "lorem"
    }
  },
  "1": {
    "name": "AlekoExpress",
    "description": "Website layout for a company that offers various services, with a budget estimation form depending on the service required by the customer. Using HTML, CSS3, JavaScript, and Materialize.",
    "link": "www.alekoexpress.info",
    "githubRep": "https://github.com/byMuriel/AlekoExpress/tree/master",
    "image": {
      "0": "/src/assets/images/AlekoExpress/AlekoExpress-index1.jpg",
      "1": "/src/assets/images/AlekoExpress/AlekoExpress-index2.jpg",
      "2": "/src/assets/images/AlekoExpress/AlekoExpress-servicios1.jpg",
      "3": "/src/assets/images/AlekoExpress/AlekoExpress-contacto.jpg",
      "4": "/src/assets/images/AlekoExpress/AlekoExpress-presupuestos1.jpg"
    },
    "tech": {
      "HTML": "lorem",
      "CSS": "lorem",
      "JavaScript": "lorem",
      "Bootstrap": "lorem",
      "Materialize": "lorem"
    }
  },
  "2": {
    "name": "Od.IsobertMujica",
    "description": "Web development with a panel for users and administrators, along with an interface for registration and login. Creation of a database for clients, appointments, and administrator posts. Using HTML, CSS3, JavaScript, PHP, MySQL, Materialize, and Bootstrap.",
    "link": "www.isobertmujica.com",
    "githubRep": "https://github.com/byMuriel/Od-IsobertMujica",
    "image": {
      "0": "/src/assets/images/OdIsobertM/Od.IsobertMujica.jpg",
      "1": "/src/assets/images/OdIsobertM/Od.IsobertMujica-perfilUsuario.jpg",
      "2": "/src/assets/images/OdIsobertM/Od.IsobertMujica-creacionCitasUsuario.jpg",
      "3": "/src/assets/images/OdIsobertM/Od.IsobertMujica-registro.jpg",
      "4": "/src/assets/images/OdIsobertM/Od.IsobertMujica-admin.jpg"
    },
    "tech": {
      "HTML": "lorem",
      "CSS": "lorem",
      "JavaScript": "lorem",
      "Bootstrap": "lorem",
      "Materialize": "lorem"
    }
  }
}
