{
  "0": {
    "logo": "/src/assets/images/SkillsLogos/JS.jpg",
    "name": "JavaScript",
    "version": "ECMAScript 2021",
    "description": "Development of interactive functions such as form validation and DOM manipulation through event handling. Integration of APIs and external services.",
    "projects": "projects contains",
    "category": ["Language"],
    "subcategory": [""]
  },
  "1": {
    "logo": "/src/assets/images/SkillsLogos/typescript.jpg",
    "name": "TypeScript",
    "version": "TypeScript 4.5.5",
    "description": "Development of applications using TypeScript as the main language.",
    "projects": "projects contains",
    "category": ["Language"],
    "subcategory": ["Typed Superset"]
  },
  "2": {
    "logo": "/src/assets/images/SkillsLogos/node1.png",
    "name": "Node.js",
    "version": "Node 22.0.0",
    "description": "Use Node.js to build and maintain RESTful APIs with Express. Develop backend logic and connect to relational databases. Handle asynchronous operations, background tasks, and third-party API integration. Implemented real-time communication features using WebSockets in Node.js, enabling live data updates between server and client.",
    "projects": "projects contains",
    "category": ["Backend"],
    "subcategory": ["Runtime"]
  },
  "3": {
    "logo": "/src/assets/images/SkillsLogos/php.jpg",
    "name": "PHP",
    "version": "PHP 8.0.10",
    "description": "Development of dynamic web applications. Connection and manipulation of MySQL databases, using PHP to perform data queries, insertions, updates, and deletions. Security and prevention of attacks. Integration of external APIs and services.",
    "projects": "projects contains",
    "category": ["Language"],
    "subcategory": ["Backend"]
  },
  "4": {
    "logo": "/src/assets/images/SkillsLogos/vue.png",
    "name": "Vue.js",
    "version": "Vue 2.7 & Vue 3.5.17",
    "description": "SPA. Creation of components, data manipulation in an Vue application through the use of properties and data binding, and integration of routes. Use of Vuex, routing and Apex.",
    "projects": "projects contains",
    "category": ["Frontend Framework / Crossplatform Toolkit"],
    "subcategory": ["SPA"]
  },
  "5": {
    "logo": "/src/assets/images/SkillsLogos/angular.jpg",
    "name": "Angular",
    "version": "Angular 19.0.0",
    "description": "SPA. Creation of components, data manipulation in an Angular application through the use of properties and data binding, and integration of routes.",
    "projects": "projects contains",
    "category": ["Frontend Framework / Crossplatform Toolkit"],
    "subcategory": ["SPA"]
  },
  "6": {
    "logo": "/src/assets/images/SkillsLogos/mysql.jpg",
    "name": "MySQL",
    "version": "MySQL 8.4.4",
    "description": "Database design using MySQL, structuring tables and data relationships, as well as performing complex SQL queries to retrieve and manipulate data from databases.",
    "projects": "projects contains",
    "category": ["Backend"],
    "subcategory": ["Relational Database"]
  },
  "7": {
    "logo": "/src/assets/images/SkillsLogos/three.png",
    "name": "Three",
    "version": "Three.js r179",
    "description": "Creating interactive 3D environments rendered in real time. Used to develop a virtual tablet where portfolio sections appear as dynamic apps inside a realistic scene.",
    "projects": "projects contains",
    "category": ["Specialized Library"],
    "subcategory": ["3D/WebGL"]
  },
  "8": {
    "logo": "/src/assets/images/SkillsLogos/bootstrap.jpg",
    "name": "Bootstrap",
    "version": "Bootstrap 5",
    "description": "Creating responsive pages, utilizing the grid system as well as Bootstrap components and plugins.",
    "projects": "projects contains",
    "category": ["UI & CSS"],
    "subcategory": ["Framework/Library"]
  },
  "9": {
    "logo": "/src/assets/images/SkillsLogos/materialize.jpg",
    "name": "Materialize",
    "version": "Materialize es la 1.0.0",
    "description": "Designing attractive and responsive interfaces, utilizing components such as cards, buttons, and navigation bars.",
    "projects": "projects contains",
    "category": ["UI & CSS"],
    "subcategory": ["Framework/Library"]
  },
  "10": {
    "logo": "/src/assets/images/SkillsLogos/html.png",
    "name": "HTML",
    "version": "HTML5",
    "description": "Use of semantic tags to enhance page structure, as well as form validation.",
    "projects": "projects contains",
    "category": ["Web Standard"],
    "subcategory": ["Markup"]
  },
  "11": {
    "logo": "/src/assets/images/SkillsLogos/css.png",
    "name": "CSS",
    "version": "CSS3",
    "description": "Styling web pages, responsive design to create web pages that adapt to different screen sizes.",
    "projects": "projects contains",
    "category": ["Web Standard"],
    "subcategory": ["Styles"]
  },
  "12": {
    "logo": "/src/assets/images/SkillsLogos/dart.jpg",
    "name": "Dart",
    "version": "Dart 2.15.0",
    "description": "Front-end development of applications using Dart.",
    "projects": "projects contains",
    "category": ["Language"],
    "subcategory": [""]
  },
  "13": {
    "logo": "/src/assets/images/SkillsLogos/flutter.jpg",
    "name": "Flutter",
    "version": "Flutter 2.8",
    "description": "Front-end development of applications using Flutter, including the interaction of custom widgets.",
    "projects": "projects contains",
    "category": ["Frontend Framework / Crossplatform Toolkit"],
    "subcategory": [""]
  },
  "14": {
    "logo": "/src/assets/images/SkillsLogos/scss.png",
    "name": "SCSS (Sass)",
    "version": "Dart Sass 1.x",
    "description": "CSS preprocessor adding variables, mixins, nesting, and modules. Compiles to CSS for more maintainable styling at scale.",
    "projects": "projects contains",
    "category": ["UI & CSS"],
    "subcategory": ["CSS Preprocessor"]
  }
}
